filename,width,height,class,xmin,ymin,xmax,ymax
./data/imgs/Banana/247_100.jpg,100,100,banana,0,0,100,100
./data/imgs/Banana/257_100.jpg,100,100,banana,0,0,100,100
./data/imgs/Banana/121_100.jpg,100,100,banana,0,0,100,100
./data/imgs/Banana/131_100.jpg,100,100,banana,0,0,100,100
./data/imgs/Banana/198_100.jpg,100,100,banana,0,0,100,100
./data/imgs/Banana/188_100.jpg,100,100,banana,0,0,100,100
./data/imgs/Banana/r_132_100.jpg,100,100,banana,0,0,100,100
./data/imgs/Banana/143_100.jpg,100,100,banana,0,0,100,100
./data/imgs/Banana/r_3_100.jpg,100,100,banana,0,0,100,100
./data/imgs/Banana/235_100.jpg,100,100,banana,0,0,100,100
./data/imgs/Banana/55_100.jpg,100,100,banana,0,0,100,100
./data/imgs/Banana/r_209_100.jpg,100,100,banana,0,0,100,100
./data/imgs/Banana/278_100.jpg,100,100,banana,0,0,100,100
./data/imgs/Banana/r_219_100.jpg,100,100,banana,0,0,100,100
./data/imgs/Banana/268_100.jpg,100,100,banana,0,0,100,100
./data/imgs/Banana/r_303_100.jpg,100,100,banana,0,0,100,100
./data/imgs/Banana/37_100.jpg,100,100,banana,0,0,100,100
./data/imgs/Banana/11_100.jpg,100,100,banana,0,0,100,100
./data/imgs/Banana/285_100.jpg,100,100,banana,0,0,100,100
./data/imgs/Banana/r_182_100.jpg,100,100,banana,0,0,100,100
./data/imgs/Banana/r_13_100.jpg,100,100,banana,0,0,100,100
./data/imgs/Banana/326_100.jpg,100,100,banana,0,0,100,100
./data/imgs/Banana/r_149_100.jpg,100,100,banana,0,0,100,100
./data/imgs/Banana/138_100.jpg,100,100,banana,0,0,100,100
./data/imgs/Banana/r_159_100.jpg,100,100,banana,0,0,100,100
./data/imgs/Banana/181_100.jpg,100,100,banana,0,0,100,100
./data/imgs/Banana/r_296_100.jpg,100,100,banana,0,0,100,100
./data/imgs/Banana/r_286_100.jpg,100,100,banana,0,0,100,100
./data/imgs/Banana/63_100.jpg,100,100,banana,0,0,100,100
./data/imgs/Banana/2_100.jpg,100,100,banana,0,0,100,100
./data/imgs/Banana/97_100.jpg,100,100,banana,0,0,100,100
./data/imgs/Banana/r_272_100.jpg,100,100,banana,0,0,100,100
./data/imgs/Banana/203_100.jpg,100,100,banana,0,0,100,100
./data/imgs/Banana/175_100.jpg,100,100,banana,0,0,100,100
./data/imgs/Banana/r_85_100.jpg,100,100,banana,0,0,100,100
./data/imgs/Banana/r_176_100.jpg,100,100,banana,0,0,100,100
./data/imgs/Banana/r_166_100.jpg,100,100,banana,0,0,100,100
./data/imgs/Banana/117_100.jpg,100,100,banana,0,0,100,100
./data/imgs/Banana/r_210_100.jpg,100,100,banana,0,0,100,100
./data/imgs/Banana/r_200_100.jpg,100,100,banana,0,0,100,100
./data/imgs/Banana/271_100.jpg,100,100,banana,0,0,100,100
./data/imgs/Banana/r_324_100.jpg,100,100,banana,0,0,100,100
./data/imgs/Banana/284_100.jpg,100,100,banana,0,0,100,100
./data/imgs/Banana/3_100.jpg,100,100,banana,0,0,100,100
./data/imgs/Banana/62_100.jpg,100,100,banana,0,0,100,100
./data/imgs/Banana/r_297_100.jpg,100,100,banana,0,0,100,100
./data/imgs/Banana/327_100.jpg,100,100,banana,0,0,100,100
./data/imgs/Banana/r_158_100.jpg,100,100,banana,0,0,100,100
./data/imgs/Banana/139_100.jpg,100,100,banana,0,0,100,100
./data/imgs/Banana/r_148_100.jpg,100,100,banana,0,0,100,100
./data/imgs/Banana/r_94_100.jpg,100,100,banana,0,0,100,100
./data/imgs/Banana/r_84_100.jpg,100,100,banana,0,0,100,100
./data/imgs/Banana/212_100.jpg,100,100,banana,0,0,100,100
./data/imgs/Banana/r_263_100.jpg,100,100,banana,0,0,100,100
./data/imgs/Banana/202_100.jpg,100,100,banana,0,0,100,100
./data/imgs/Banana/r_273_100.jpg,100,100,banana,0,0,100,100
./data/imgs/Banana/174_100.jpg,100,100,banana,0,0,100,100
./data/imgs/Banana/r_105_100.jpg,100,100,banana,0,0,100,100
./data/imgs/Banana/r_115_100.jpg,100,100,banana,0,0,100,100
./data/imgs/Banana/r_167_100.jpg,100,100,banana,0,0,100,100
./data/imgs/Banana/r_201_100.jpg,100,100,banana,0,0,100,100
./data/imgs/Banana/260_100.jpg,100,100,banana,0,0,100,100
./data/imgs/Banana/r_211_100.jpg,100,100,banana,0,0,100,100
./data/imgs/Banana/189_100.jpg,100,100,banana,0,0,100,100
./data/imgs/Banana/r_79_100.jpg,100,100,banana,0,0,100,100
./data/imgs/Banana/256_100.jpg,100,100,banana,0,0,100,100
./data/imgs/Banana/246_100.jpg,100,100,banana,0,0,100,100
./data/imgs/Banana/130_100.jpg,100,100,banana,0,0,100,100
./data/imgs/Banana/r_141_100.jpg,100,100,banana,0,0,100,100
./data/imgs/Banana/120_100.jpg,100,100,banana,0,0,100,100
./data/imgs/Banana/r_151_100.jpg,100,100,banana,0,0,100,100
./data/imgs/Banana/r_2_100.jpg,100,100,banana,0,0,100,100
./data/imgs/Banana/152_100.jpg,100,100,banana,0,0,100,100
./data/imgs/Banana/r_133_100.jpg,100,100,banana,0,0,100,100
./data/imgs/Banana/234_100.jpg,100,100,banana,0,0,100,100
./data/imgs/Banana/224_100.jpg,100,100,banana,0,0,100,100
./data/imgs/Banana/r_255_100.jpg,100,100,banana,0,0,100,100
./data/imgs/Banana/269_100.jpg,100,100,banana,0,0,100,100
./data/imgs/Banana/r_218_100.jpg,100,100,banana,0,0,100,100
./data/imgs/Banana/279_100.jpg,100,100,banana,0,0,100,100
./data/imgs/Banana/r_208_100.jpg,100,100,banana,0,0,100,100
./data/imgs/Banana/54_100.jpg,100,100,banana,0,0,100,100
./data/imgs/Banana/r_302_100.jpg,100,100,banana,0,0,100,100
./data/imgs/Banana/r_295_100.jpg,100,100,banana,0,0,100,100
./data/imgs/Banana/r_285_100.jpg,100,100,banana,0,0,100,100
./data/imgs/Banana/60_100.jpg,100,100,banana,0,0,100,100
./data/imgs/Banana/1_100.jpg,100,100,banana,0,0,100,100
./data/imgs/Banana/70_100.jpg,100,100,banana,0,0,100,100
./data/imgs/Banana/182_100.jpg,100,100,banana,0,0,100,100
./data/imgs/Banana/192_100.jpg,100,100,banana,0,0,100,100
./data/imgs/Banana/r_62_100.jpg,100,100,banana,0,0,100,100
./data/imgs/Banana/r_10_100.jpg,100,100,banana,0,0,100,100
./data/imgs/Banana/149_100.jpg,100,100,banana,0,0,100,100
./data/imgs/Banana/r_138_100.jpg,100,100,banana,0,0,100,100
./data/imgs/Banana/r_191_100.jpg,100,100,banana,0,0,100,100
./data/imgs/Banana/r_181_100.jpg,100,100,banana,0,0,100,100
./data/imgs/Banana/286_100.jpg,100,100,banana,0,0,100,100
./data/imgs/Banana/262_100.jpg,100,100,banana,0,0,100,100
./data/imgs/Banana/272_100.jpg,100,100,banana,0,0,100,100
./data/imgs/Banana/r_203_100.jpg,100,100,banana,0,0,100,100
./data/imgs/Banana/r_165_100.jpg,100,100,banana,0,0,100,100
./data/imgs/Banana/r_96_100.jpg,100,100,banana,0,0,100,100
./data/imgs/Banana/r_107_100.jpg,100,100,banana,0,0,100,100
./data/imgs/Banana/84_100.jpg,100,100,banana,0,0,100,100
./data/imgs/Banana/94_100.jpg,100,100,banana,0,0,100,100
./data/imgs/Banana/r_309_100.jpg,100,100,banana,0,0,100,100
./data/imgs/Banana/200_100.jpg,100,100,banana,0,0,100,100
./data/imgs/Banana/r_271_100.jpg,100,100,banana,0,0,100,100
./data/imgs/Banana/r_261_100.jpg,100,100,banana,0,0,100,100
./data/imgs/Banana/226_100.jpg,100,100,banana,0,0,100,100
./data/imgs/Banana/r_257_100.jpg,100,100,banana,0,0,100,100
./data/imgs/Banana/236_100.jpg,100,100,banana,0,0,100,100
./data/imgs/Banana/r_247_100.jpg,100,100,banana,0,0,100,100
./data/imgs/Banana/r_131_100.jpg,100,100,banana,0,0,100,100
./data/imgs/Banana/150_100.jpg,100,100,banana,0,0,100,100
./data/imgs/Banana/r_121_100.jpg,100,100,banana,0,0,100,100
./data/imgs/Banana/r_188_100.jpg,100,100,banana,0,0,100,100
./data/imgs/Banana/r_198_100.jpg,100,100,banana,0,0,100,100
./data/imgs/Banana/79_100.jpg,100,100,banana,0,0,100,100
./data/imgs/Banana/69_100.jpg,100,100,banana,0,0,100,100
./data/imgs/Banana/122_100.jpg,100,100,banana,0,0,100,100
./data/imgs/Banana/r_153_100.jpg,100,100,banana,0,0,100,100
./data/imgs/Banana/132_100.jpg,100,100,banana,0,0,100,100
./data/imgs/Banana/r_143_100.jpg,100,100,banana,0,0,100,100
./data/imgs/Banana/244_100.jpg,100,100,banana,0,0,100,100
./data/imgs/Banana/r_225_100.jpg,100,100,banana,0,0,100,100
./data/imgs/Banana/r_26_100.jpg,100,100,banana,0,0,100,100
./data/imgs/Banana/r_310_100.jpg,100,100,banana,0,0,100,100
./data/imgs/Banana/209_100.jpg,100,100,banana,0,0,100,100
./data/imgs/Banana/r_278_100.jpg,100,100,banana,0,0,100,100
./data/imgs/Banana/46_100.jpg,100,100,banana,0,0,100,100
./data/imgs/Banana/r_189_100.jpg,100,100,banana,0,0,100,100
./data/imgs/Banana/227_100.jpg,100,100,banana,0,0,100,100
./data/imgs/Banana/r_120_100.jpg,100,100,banana,0,0,100,100
./data/imgs/Banana/151_100.jpg,100,100,banana,0,0,100,100
./data/imgs/Banana/r_130_100.jpg,100,100,banana,0,0,100,100
./data/imgs/Banana/141_100.jpg,100,100,banana,0,0,100,100
./data/imgs/Banana/r_142_100.jpg,100,100,banana,0,0,100,100
./data/imgs/Banana/133_100.jpg,100,100,banana,0,0,100,100
./data/imgs/Banana/r_152_100.jpg,100,100,banana,0,0,100,100
./data/imgs/Banana/123_100.jpg,100,100,banana,0,0,100,100
./data/imgs/Banana/r_224_100.jpg,100,100,banana,0,0,100,100
./data/imgs/Banana/255_100.jpg,100,100,banana,0,0,100,100
./data/imgs/Banana/68_100.jpg,100,100,banana,0,0,100,100
./data/imgs/Banana/78_100.jpg,100,100,banana,0,0,100,100
./data/imgs/Banana/9_100.jpg,100,100,banana,0,0,100,100
./data/imgs/Banana/r_279_100.jpg,100,100,banana,0,0,100,100
./data/imgs/Banana/r_269_100.jpg,100,100,banana,0,0,100,100
./data/imgs/Banana/r_311_100.jpg,100,100,banana,0,0,100,100
./data/imgs/Banana/r_27_100.jpg,100,100,banana,0,0,100,100
./data/imgs/Banana/35_100.jpg,100,100,banana,0,0,100,100
./data/imgs/Banana/57_100.jpg,100,100,banana,0,0,100,100
./data/imgs/Banana/47_100.jpg,100,100,banana,0,0,100,100
./data/imgs/Banana/r_55_100.jpg,100,100,banana,0,0,100,100
./data/imgs/Banana/71_100.jpg,100,100,banana,0,0,100,100
./data/imgs/Banana/0_100.jpg,100,100,banana,0,0,100,100
./data/imgs/Banana/61_100.jpg,100,100,banana,0,0,100,100
./data/imgs/Banana/193_100.jpg,100,100,banana,0,0,100,100
./data/imgs/Banana/r_180_100.jpg,100,100,banana,0,0,100,100
./data/imgs/Banana/r_190_100.jpg,100,100,banana,0,0,100,100
./data/imgs/Banana/r_11_100.jpg,100,100,banana,0,0,100,100
./data/imgs/Banana/r_8_100.jpg,100,100,banana,0,0,100,100
./data/imgs/Banana/r_139_100.jpg,100,100,banana,0,0,100,100
./data/imgs/Banana/148_100.jpg,100,100,banana,0,0,100,100
./data/imgs/Banana/r_129_100.jpg,100,100,banana,0,0,100,100
./data/imgs/Banana/273_100.jpg,100,100,banana,0,0,100,100
./data/imgs/Banana/263_100.jpg,100,100,banana,0,0,100,100
./data/imgs/Banana/r_174_100.jpg,100,100,banana,0,0,100,100
./data/imgs/Banana/r_106_100.jpg,100,100,banana,0,0,100,100
./data/imgs/Banana/177_100.jpg,100,100,banana,0,0,100,100
./data/imgs/Banana/r_116_100.jpg,100,100,banana,0,0,100,100
./data/imgs/Banana/r_260_100.jpg,100,100,banana,0,0,100,100
./data/imgs/Banana/211_100.jpg,100,100,banana,0,0,100,100
./data/imgs/Banana/r_318_100.jpg,100,100,banana,0,0,100,100
./data/imgs/Banana/r_270_100.jpg,100,100,banana,0,0,100,100
./data/imgs/Banana/r_308_100.jpg,100,100,banana,0,0,100,100
./data/imgs/Banana/201_100.jpg,100,100,banana,0,0,100,100
./data/imgs/Banana/r_87_100.jpg,100,100,banana,0,0,100,100
./data/imgs/Banana/r_171_100.jpg,100,100,banana,0,0,100,100
./data/imgs/Banana/266_100.jpg,100,100,banana,0,0,100,100
./data/imgs/Banana/r_275_100.jpg,100,100,banana,0,0,100,100
./data/imgs/Banana/204_100.jpg,100,100,banana,0,0,100,100
./data/imgs/Banana/214_100.jpg,100,100,banana,0,0,100,100
./data/imgs/Banana/80_100.jpg,100,100,banana,0,0,100,100
./data/imgs/Banana/90_100.jpg,100,100,banana,0,0,100,100
./data/imgs/Banana/r_103_100.jpg,100,100,banana,0,0,100,100
./data/imgs/Banana/172_100.jpg,100,100,banana,0,0,100,100
./data/imgs/Banana/r_82_100.jpg,100,100,banana,0,0,100,100
./data/imgs/Banana/r_92_100.jpg,100,100,banana,0,0,100,100
./data/imgs/Banana/259_100.jpg,100,100,banana,0,0,100,100
./data/imgs/Banana/186_100.jpg,100,100,banana,0,0,100,100
./data/imgs/Banana/64_100.jpg,100,100,banana,0,0,100,100
./data/imgs/Banana/74_100.jpg,100,100,banana,0,0,100,100
./data/imgs/Banana/5_100.jpg,100,100,banana,0,0,100,100
./data/imgs/Banana/r_291_100.jpg,100,100,banana,0,0,100,100
./data/imgs/Banana/282_100.jpg,100,100,banana,0,0,100,100
./data/imgs/Banana/292_100.jpg,100,100,banana,0,0,100,100
./data/imgs/Banana/r_195_100.jpg,100,100,banana,0,0,100,100
./data/imgs/Banana/r_185_100.jpg,100,100,banana,0,0,100,100
./data/imgs/Banana/r_322_100.jpg,100,100,banana,0,0,100,100
./data/imgs/Banana/r_314_100.jpg,100,100,banana,0,0,100,100
./data/imgs/Banana/r_304_100.jpg,100,100,banana,0,0,100,100
./data/imgs/Banana/r_22_100.jpg,100,100,banana,0,0,100,100
./data/imgs/Banana/89_100.jpg,100,100,banana,0,0,100,100
./data/imgs/Banana/42_100.jpg,100,100,banana,0,0,100,100
./data/imgs/Banana/52_100.jpg,100,100,banana,0,0,100,100
./data/imgs/Banana/r_168_100.jpg,100,100,banana,0,0,100,100
./data/imgs/Banana/119_100.jpg,100,100,banana,0,0,100,100
./data/imgs/Banana/r_178_100.jpg,100,100,banana,0,0,100,100
./data/imgs/Banana/r_4_100.jpg,100,100,banana,0,0,100,100
./data/imgs/Banana/144_100.jpg,100,100,banana,0,0,100,100
./data/imgs/Banana/r_125_100.jpg,100,100,banana,0,0,100,100
./data/imgs/Banana/154_100.jpg,100,100,banana,0,0,100,100
./data/imgs/Banana/r_253_100.jpg,100,100,banana,0,0,100,100
./data/imgs/Banana/222_100.jpg,100,100,banana,0,0,100,100
./data/imgs/Banana/232_100.jpg,100,100,banana,0,0,100,100
./data/imgs/Banana/240_100.jpg,100,100,banana,0,0,100,100
./data/imgs/Banana/r_221_100.jpg,100,100,banana,0,0,100,100
./data/imgs/Banana/250_100.jpg,100,100,banana,0,0,100,100
./data/imgs/Banana/r_157_100.jpg,100,100,banana,0,0,100,100
./data/imgs/Banana/126_100.jpg,100,100,banana,0,0,100,100
./data/imgs/Banana/r_288_100.jpg,100,100,banana,0,0,100,100
./data/imgs/Banana/r_298_100.jpg,100,100,banana,0,0,100,100
./data/imgs/Banana/88_100.jpg,100,100,banana,0,0,100,100
./data/imgs/Banana/r_305_100.jpg,100,100,banana,0,0,100,100
./data/imgs/Banana/r_315_100.jpg,100,100,banana,0,0,100,100
./data/imgs/Banana/118_100.jpg,100,100,banana,0,0,100,100
./data/imgs/Banana/r_169_100.jpg,100,100,banana,0,0,100,100
./data/imgs/Banana/155_100.jpg,100,100,banana,0,0,100,100
./data/imgs/Banana/r_124_100.jpg,100,100,banana,0,0,100,100
./data/imgs/Banana/r_134_100.jpg,100,100,banana,0,0,100,100
./data/imgs/Banana/233_100.jpg,100,100,banana,0,0,100,100
./data/imgs/Banana/223_100.jpg,100,100,banana,0,0,100,100
./data/imgs/Banana/r_252_100.jpg,100,100,banana,0,0,100,100
./data/imgs/Banana/r_289_100.jpg,100,100,banana,0,0,100,100
./data/imgs/Banana/251_100.jpg,100,100,banana,0,0,100,100
./data/imgs/Banana/r_220_100.jpg,100,100,banana,0,0,100,100
./data/imgs/Banana/241_100.jpg,100,100,banana,0,0,100,100
./data/imgs/Banana/137_100.jpg,100,100,banana,0,0,100,100
./data/imgs/Banana/127_100.jpg,100,100,banana,0,0,100,100
./data/imgs/Banana/r_156_100.jpg,100,100,banana,0,0,100,100
./data/imgs/Banana/r_160_100.jpg,100,100,banana,0,0,100,100
./data/imgs/Banana/r_206_100.jpg,100,100,banana,0,0,100,100
./data/imgs/Banana/267_100.jpg,100,100,banana,0,0,100,100
./data/imgs/Banana/r_93_100.jpg,100,100,banana,0,0,100,100
./data/imgs/Banana/r_83_100.jpg,100,100,banana,0,0,100,100
./data/imgs/Banana/38_100.jpg,100,100,banana,0,0,100,100
./data/imgs/Banana/91_100.jpg,100,100,banana,0,0,100,100
./data/imgs/Banana/81_100.jpg,100,100,banana,0,0,100,100
./data/imgs/Banana/215_100.jpg,100,100,banana,0,0,100,100
./data/imgs/Banana/r_264_100.jpg,100,100,banana,0,0,100,100
./data/imgs/Banana/r_102_100.jpg,100,100,banana,0,0,100,100
./data/imgs/Banana/197_100.jpg,100,100,banana,0,0,100,100
./data/imgs/Banana/187_100.jpg,100,100,banana,0,0,100,100
./data/imgs/Banana/r_280_100.jpg,100,100,banana,0,0,100,100
./data/imgs/Banana/4_100.jpg,100,100,banana,0,0,100,100
./data/imgs/Banana/75_100.jpg,100,100,banana,0,0,100,100
./data/imgs/Banana/258_100.jpg,100,100,banana,0,0,100,100
./data/imgs/Banana/293_100.jpg,100,100,banana,0,0,100,100
./data/imgs/Banana/283_100.jpg,100,100,banana,0,0,100,100
./data/imgs/Banana/r_184_100.jpg,100,100,banana,0,0,100,100
./data/imgs/Banana/r_194_100.jpg,100,100,banana,0,0,100,100
./data/imgs/Banana/r_53_100.jpg,100,100,banana,0,0,100,100
./data/imgs/Banana/41_100.jpg,100,100,banana,0,0,100,100
./data/imgs/Banana/r_98_100.jpg,100,100,banana,0,0,100,100
./data/imgs/Banana/r_88_100.jpg,100,100,banana,0,0,100,100
./data/imgs/Banana/r_109_100.jpg,100,100,banana,0,0,100,100
./data/imgs/Banana/r_307_100.jpg,100,100,banana,0,0,100,100
./data/imgs/Banana/125_100.jpg,100,100,banana,0,0,100,100
./data/imgs/Banana/r_154_100.jpg,100,100,banana,0,0,100,100
./data/imgs/Banana/135_100.jpg,100,100,banana,0,0,100,100
./data/imgs/Banana/r_144_100.jpg,100,100,banana,0,0,100,100
./data/imgs/Banana/253_100.jpg,100,100,banana,0,0,100,100
./data/imgs/Banana/r_222_100.jpg,100,100,banana,0,0,100,100
./data/imgs/Banana/221_100.jpg,100,100,banana,0,0,100,100
./data/imgs/Banana/r_250_100.jpg,100,100,banana,0,0,100,100
./data/imgs/Banana/r_7_100.jpg,100,100,banana,0,0,100,100
./data/imgs/Banana/r_136_100.jpg,100,100,banana,0,0,100,100
./data/imgs/Banana/157_100.jpg,100,100,banana,0,0,100,100
./data/imgs/Banana/r_126_100.jpg,100,100,banana,0,0,100,100
./data/imgs/Banana/288_100.jpg,100,100,banana,0,0,100,100
./data/imgs/Banana/r_100_100.jpg,100,100,banana,0,0,100,100
./data/imgs/Banana/207_100.jpg,100,100,banana,0,0,100,100
./data/imgs/Banana/r_276_100.jpg,100,100,banana,0,0,100,100
./data/imgs/Banana/83_100.jpg,100,100,banana,0,0,100,100
./data/imgs/Banana/93_100.jpg,100,100,banana,0,0,100,100
./data/imgs/Banana/265_100.jpg,100,100,banana,0,0,100,100
./data/imgs/Banana/275_100.jpg,100,100,banana,0,0,100,100
./data/imgs/Banana/r_162_100.jpg,100,100,banana,0,0,100,100
./data/imgs/Banana/58_100.jpg,100,100,banana,0,0,100,100
./data/imgs/Banana/238_100.jpg,100,100,banana,0,0,100,100
./data/imgs/Banana/r_249_100.jpg,100,100,banana,0,0,100,100
./data/imgs/Banana/r_259_100.jpg,100,100,banana,0,0,100,100
./data/imgs/Banana/r_196_100.jpg,100,100,banana,0,0,100,100
./data/imgs/Banana/r_186_100.jpg,100,100,banana,0,0,100,100
./data/imgs/Banana/281_100.jpg,100,100,banana,0,0,100,100
./data/imgs/Banana/291_100.jpg,100,100,banana,0,0,100,100
./data/imgs/Banana/67_100.jpg,100,100,banana,0,0,100,100
./data/imgs/Banana/77_100.jpg,100,100,banana,0,0,100,100
./data/imgs/Banana/6_100.jpg,100,100,banana,0,0,100,100
./data/imgs/Banana/r_292_100.jpg,100,100,banana,0,0,100,100
./data/imgs/Banana/r_282_100.jpg,100,100,banana,0,0,100,100
./data/imgs/Banana/185_100.jpg,100,100,banana,0,0,100,100
./data/imgs/Banana/195_100.jpg,100,100,banana,0,0,100,100
./data/imgs/Banana/170_100.jpg,100,100,banana,0,0,100,100
./data/imgs/Banana/92_100.jpg,100,100,banana,0,0,100,100
./data/imgs/Banana/r_267_100.jpg,100,100,banana,0,0,100,100
./data/imgs/Banana/r_277_100.jpg,100,100,banana,0,0,100,100
./data/imgs/Banana/206_100.jpg,100,100,banana,0,0,100,100
./data/imgs/Banana/49_100.jpg,100,100,banana,0,0,100,100
./data/imgs/Banana/59_100.jpg,100,100,banana,0,0,100,100
./data/imgs/Banana/r_205_100.jpg,100,100,banana,0,0,100,100
./data/imgs/Banana/274_100.jpg,100,100,banana,0,0,100,100
./data/imgs/Banana/264_100.jpg,100,100,banana,0,0,100,100
./data/imgs/Banana/r_163_100.jpg,100,100,banana,0,0,100,100
./data/imgs/Banana/r_187_100.jpg,100,100,banana,0,0,100,100
./data/imgs/Banana/r_197_100.jpg,100,100,banana,0,0,100,100
./data/imgs/Banana/290_100.jpg,100,100,banana,0,0,100,100
./data/imgs/Banana/280_100.jpg,100,100,banana,0,0,100,100
./data/imgs/Banana/r_258_100.jpg,100,100,banana,0,0,100,100
./data/imgs/Banana/229_100.jpg,100,100,banana,0,0,100,100
./data/imgs/Banana/r_248_100.jpg,100,100,banana,0,0,100,100
./data/imgs/Banana/239_100.jpg,100,100,banana,0,0,100,100
./data/imgs/Banana/323_100.jpg,100,100,banana,0,0,100,100
./data/imgs/Banana/r_74_100.jpg,100,100,banana,0,0,100,100
./data/imgs/Banana/r_64_100.jpg,100,100,banana,0,0,100,100
./data/imgs/Banana/r_293_100.jpg,100,100,banana,0,0,100,100
./data/imgs/Banana/7_100.jpg,100,100,banana,0,0,100,100
./data/imgs/Banana/76_100.jpg,100,100,banana,0,0,100,100
./data/imgs/Banana/194_100.jpg,100,100,banana,0,0,100,100
./data/imgs/Banana/50_100.jpg,100,100,banana,0,0,100,100
./data/imgs/Banana/40_100.jpg,100,100,banana,0,0,100,100
./data/imgs/Banana/r_108_100.jpg,100,100,banana,0,0,100,100
./data/imgs/Banana/179_100.jpg,100,100,banana,0,0,100,100
./data/imgs/Banana/r_20_100.jpg,100,100,banana,0,0,100,100
./data/imgs/Banana/r_306_100.jpg,100,100,banana,0,0,100,100
./data/imgs/Banana/r_99_100.jpg,100,100,banana,0,0,100,100
./data/imgs/Banana/134_100.jpg,100,100,banana,0,0,100,100
./data/imgs/Banana/r_155_100.jpg,100,100,banana,0,0,100,100
./data/imgs/Banana/124_100.jpg,100,100,banana,0,0,100,100
./data/imgs/Banana/252_100.jpg,100,100,banana,0,0,100,100
./data/imgs/Banana/242_100.jpg,100,100,banana,0,0,100,100
./data/imgs/Banana/289_100.jpg,100,100,banana,0,0,100,100
./data/imgs/Banana/230_100.jpg,100,100,banana,0,0,100,100
./data/imgs/Banana/r_251_100.jpg,100,100,banana,0,0,100,100
./data/imgs/Banana/220_100.jpg,100,100,banana,0,0,100,100
./data/imgs/Banana/r_127_100.jpg,100,100,banana,0,0,100,100
./data/imgs/Banana/156_100.jpg,100,100,banana,0,0,100,100
./data/imgs/Banana/r_137_100.jpg,100,100,banana,0,0,100,100
./data/imgs/Banana/146_100.jpg,100,100,banana,0,0,100,100
./data/imgs/Banana/r_6_100.jpg,100,100,banana,0,0,100,100
./data/imgs/Banana_Lady_Finger/r_78_100.jpg,100,100,banana,0,0,100,100
./data/imgs/Banana_Lady_Finger/r_68_100.jpg,100,100,banana,0,0,100,100
./data/imgs/Banana_Lady_Finger/r2_175_100.jpg,100,100,banana,0,0,100,100
./data/imgs/Banana_Lady_Finger/121_100.jpg,100,100,banana,0,0,100,100
./data/imgs/Banana_Lady_Finger/r2_165_100.jpg,100,100,banana,0,0,100,100
./data/imgs/Banana_Lady_Finger/198_100.jpg,100,100,banana,0,0,100,100
./data/imgs/Banana_Lady_Finger/188_100.jpg,100,100,banana,0,0,100,100
./data/imgs/Banana_Lady_Finger/18_100.jpg,100,100,banana,0,0,100,100
./data/imgs/Banana_Lady_Finger/r2_117_100.jpg,100,100,banana,0,0,100,100
./data/imgs/Banana_Lady_Finger/r_122_100.jpg,100,100,banana,0,0,100,100
./data/imgs/Banana_Lady_Finger/r2_18_100.jpg,100,100,banana,0,0,100,100
./data/imgs/Banana_Lady_Finger/r2_55_100.jpg,100,100,banana,0,0,100,100
./data/imgs/Banana_Lady_Finger/r_57_100.jpg,100,100,banana,0,0,100,100
./data/imgs/Banana_Lady_Finger/r2_7_100.jpg,100,100,banana,0,0,100,100
./data/imgs/Banana_Lady_Finger/r2_37_100.jpg,100,100,banana,0,0,100,100
./data/imgs/Banana_Lady_Finger/r2_128_100.jpg,100,100,banana,0,0,100,100
./data/imgs/Banana_Lady_Finger/r2_27_100.jpg,100,100,banana,0,0,100,100
./data/imgs/Banana_Lady_Finger/11_100.jpg,100,100,banana,0,0,100,100
./data/imgs/Banana_Lady_Finger/r_192_100.jpg,100,100,banana,0,0,100,100
./data/imgs/Banana_Lady_Finger/r2_11_100.jpg,100,100,banana,0,0,100,100
./data/imgs/Banana_Lady_Finger/r_13_100.jpg,100,100,banana,0,0,100,100
./data/imgs/Banana_Lady_Finger/r_71_100.jpg,100,100,banana,0,0,100,100
./data/imgs/Banana_Lady_Finger/r2_73_100.jpg,100,100,banana,0,0,100,100
./data/imgs/Banana_Lady_Finger/r2_63_100.jpg,100,100,banana,0,0,100,100
./data/imgs/Banana_Lady_Finger/128_100.jpg,100,100,banana,0,0,100,100
./data/imgs/Banana_Lady_Finger/191_100.jpg,100,100,banana,0,0,100,100
./data/imgs/Banana_Lady_Finger/63_100.jpg,100,100,banana,0,0,100,100
./data/imgs/Banana_Lady_Finger/2_100.jpg,100,100,banana,0,0,100,100
./data/imgs/Banana_Lady_Finger/73_100.jpg,100,100,banana,0,0,100,100
./data/imgs/Banana_Lady_Finger/r_114_100.jpg,100,100,banana,0,0,100,100
./data/imgs/Banana_Lady_Finger/r2_131_100.jpg,100,100,banana,0,0,100,100
./data/imgs/Banana_Lady_Finger/165_100.jpg,100,100,banana,0,0,100,100
./data/imgs/Banana_Lady_Finger/r2_121_100.jpg,100,100,banana,0,0,100,100
./data/imgs/Banana_Lady_Finger/r_104_100.jpg,100,100,banana,0,0,100,100
./data/imgs/Banana_Lady_Finger/175_100.jpg,100,100,banana,0,0,100,100
./data/imgs/Banana_Lady_Finger/r2_97_100.jpg,100,100,banana,0,0,100,100
./data/imgs/Banana_Lady_Finger/r2_198_100.jpg,100,100,banana,0,0,100,100
./data/imgs/Banana_Lady_Finger/r_85_100.jpg,100,100,banana,0,0,100,100
./data/imgs/Banana_Lady_Finger/r_95_100.jpg,100,100,banana,0,0,100,100
./data/imgs/Banana_Lady_Finger/r_176_100.jpg,100,100,banana,0,0,100,100
./data/imgs/Banana_Lady_Finger/r_200_100.jpg,100,100,banana,0,0,100,100
./data/imgs/Banana_Lady_Finger/r2_10_100.jpg,100,100,banana,0,0,100,100
./data/imgs/Banana_Lady_Finger/10_100.jpg,100,100,banana,0,0,100,100
./data/imgs/Banana_Lady_Finger/r_183_100.jpg,100,100,banana,0,0,100,100
./data/imgs/Banana_Lady_Finger/r_193_100.jpg,100,100,banana,0,0,100,100
./data/imgs/Banana_Lady_Finger/190_100.jpg,100,100,banana,0,0,100,100
./data/imgs/Banana_Lady_Finger/180_100.jpg,100,100,banana,0,0,100,100
./data/imgs/Banana_Lady_Finger/72_100.jpg,100,100,banana,0,0,100,100
./data/imgs/Banana_Lady_Finger/62_100.jpg,100,100,banana,0,0,100,100
./data/imgs/Banana_Lady_Finger/r_60_100.jpg,100,100,banana,0,0,100,100
./data/imgs/Banana_Lady_Finger/r2_62_100.jpg,100,100,banana,0,0,100,100
./data/imgs/Banana_Lady_Finger/r2_72_100.jpg,100,100,banana,0,0,100,100
./data/imgs/Banana_Lady_Finger/r_94_100.jpg,100,100,banana,0,0,100,100
./data/imgs/Banana_Lady_Finger/r_84_100.jpg,100,100,banana,0,0,100,100
./data/imgs/Banana_Lady_Finger/174_100.jpg,100,100,banana,0,0,100,100
./data/imgs/Banana_Lady_Finger/r2_120_100.jpg,100,100,banana,0,0,100,100
./data/imgs/Banana_Lady_Finger/r_105_100.jpg,100,100,banana,0,0,100,100
./data/imgs/Banana_Lady_Finger/164_100.jpg,100,100,banana,0,0,100,100
./data/imgs/Banana_Lady_Finger/r2_130_100.jpg,100,100,banana,0,0,100,100
./data/imgs/Banana_Lady_Finger/116_100.jpg,100,100,banana,0,0,100,100
./data/imgs/Banana_Lady_Finger/r_167_100.jpg,100,100,banana,0,0,100,100
./data/imgs/Banana_Lady_Finger/106_100.jpg,100,100,banana,0,0,100,100
./data/imgs/Banana_Lady_Finger/189_100.jpg,100,100,banana,0,0,100,100
./data/imgs/Banana_Lady_Finger/199_100.jpg,100,100,banana,0,0,100,100
./data/imgs/Banana_Lady_Finger/r_79_100.jpg,100,100,banana,0,0,100,100
./data/imgs/Banana_Lady_Finger/r2_164_100.jpg,100,100,banana,0,0,100,100
./data/imgs/Banana_Lady_Finger/r2_174_100.jpg,100,100,banana,0,0,100,100
./data/imgs/Banana_Lady_Finger/r_2_100.jpg,100,100,banana,0,0,100,100
./data/imgs/Banana_Lady_Finger/r2_106_100.jpg,100,100,banana,0,0,100,100
./data/imgs/Banana_Lady_Finger/r2_19_100.jpg,100,100,banana,0,0,100,100
./data/imgs/Banana_Lady_Finger/r2_116_100.jpg,100,100,banana,0,0,100,100
./data/imgs/Banana_Lady_Finger/19_100.jpg,100,100,banana,0,0,100,100
./data/imgs/Banana_Lady_Finger/r2_54_100.jpg,100,100,banana,0,0,100,100
./data/imgs/Banana_Lady_Finger/r_56_100.jpg,100,100,banana,0,0,100,100
./data/imgs/Banana_Lady_Finger/26_100.jpg,100,100,banana,0,0,100,100
./data/imgs/Banana_Lady_Finger/r_24_100.jpg,100,100,banana,0,0,100,100
./data/imgs/Banana_Lady_Finger/r2_139_100.jpg,100,100,banana,0,0,100,100
./data/imgs/Banana_Lady_Finger/r2_26_100.jpg,100,100,banana,0,0,100,100
./data/imgs/Banana_Lady_Finger/r2_129_100.jpg,100,100,banana,0,0,100,100
./data/imgs/Banana_Lady_Finger/r2_36_100.jpg,100,100,banana,0,0,100,100
./data/imgs/Banana_Lady_Finger/60_100.jpg,100,100,banana,0,0,100,100
./data/imgs/Banana_Lady_Finger/1_100.jpg,100,100,banana,0,0,100,100
./data/imgs/Banana_Lady_Finger/70_100.jpg,100,100,banana,0,0,100,100
./data/imgs/Banana_Lady_Finger/182_100.jpg,100,100,banana,0,0,100,100
./data/imgs/Banana_Lady_Finger/192_100.jpg,100,100,banana,0,0,100,100
./data/imgs/Banana_Lady_Finger/r2_70_100.jpg,100,100,banana,0,0,100,100
./data/imgs/Banana_Lady_Finger/r2_60_100.jpg,100,100,banana,0,0,100,100
./data/imgs/Banana_Lady_Finger/r_72_100.jpg,100,100,banana,0,0,100,100
./data/imgs/Banana_Lady_Finger/159_100.jpg,100,100,banana,0,0,100,100
./data/imgs/Banana_Lady_Finger/r2_12_100.jpg,100,100,banana,0,0,100,100
./data/imgs/Banana_Lady_Finger/r_191_100.jpg,100,100,banana,0,0,100,100
./data/imgs/Banana_Lady_Finger/r_181_100.jpg,100,100,banana,0,0,100,100
./data/imgs/Banana_Lady_Finger/104_100.jpg,100,100,banana,0,0,100,100
./data/imgs/Banana_Lady_Finger/r_175_100.jpg,100,100,banana,0,0,100,100
./data/imgs/Banana_Lady_Finger/114_100.jpg,100,100,banana,0,0,100,100
./data/imgs/Banana_Lady_Finger/r_96_100.jpg,100,100,banana,0,0,100,100
./data/imgs/Banana_Lady_Finger/166_100.jpg,100,100,banana,0,0,100,100
./data/imgs/Banana_Lady_Finger/r2_132_100.jpg,100,100,banana,0,0,100,100
./data/imgs/Banana_Lady_Finger/r_117_100.jpg,100,100,banana,0,0,100,100
./data/imgs/Banana_Lady_Finger/176_100.jpg,100,100,banana,0,0,100,100
./data/imgs/Banana_Lady_Finger/r2_122_100.jpg,100,100,banana,0,0,100,100
./data/imgs/Banana_Lady_Finger/94_100.jpg,100,100,banana,0,0,100,100
./data/imgs/Banana_Lady_Finger/r_19_100.jpg,100,100,banana,0,0,100,100
./data/imgs/Banana_Lady_Finger/r2_104_100.jpg,100,100,banana,0,0,100,100
./data/imgs/Banana_Lady_Finger/r_121_100.jpg,100,100,banana,0,0,100,100
./data/imgs/Banana_Lady_Finger/r_0_100.jpg,100,100,banana,0,0,100,100
./data/imgs/Banana_Lady_Finger/r_188_100.jpg,100,100,banana,0,0,100,100
./data/imgs/Banana_Lady_Finger/r_198_100.jpg,100,100,banana,0,0,100,100
./data/imgs/Banana_Lady_Finger/8_100.jpg,100,100,banana,0,0,100,100
./data/imgs/Banana_Lady_Finger/122_100.jpg,100,100,banana,0,0,100,100
./data/imgs/Banana_Lady_Finger/r2_176_100.jpg,100,100,banana,0,0,100,100
./data/imgs/Banana_Lady_Finger/132_100.jpg,100,100,banana,0,0,100,100
./data/imgs/Banana_Lady_Finger/r2_79_100.jpg,100,100,banana,0,0,100,100
./data/imgs/Banana_Lady_Finger/r2_166_100.jpg,100,100,banana,0,0,100,100
./data/imgs/Banana_Lady_Finger/24_100.jpg,100,100,banana,0,0,100,100
./data/imgs/Banana_Lady_Finger/r2_34_100.jpg,100,100,banana,0,0,100,100
./data/imgs/Banana_Lady_Finger/r_26_100.jpg,100,100,banana,0,0,100,100
./data/imgs/Banana_Lady_Finger/r2_4_100.jpg,100,100,banana,0,0,100,100
./data/imgs/Banana_Lady_Finger/r_54_100.jpg,100,100,banana,0,0,100,100
./data/imgs/Banana_Lady_Finger/r2_56_100.jpg,100,100,banana,0,0,100,100
./data/imgs/Banana_Lady_Finger/r_189_100.jpg,100,100,banana,0,0,100,100
./data/imgs/Banana_Lady_Finger/r_1_100.jpg,100,100,banana,0,0,100,100
./data/imgs/Banana_Lady_Finger/r2_105_100.jpg,100,100,banana,0,0,100,100
./data/imgs/Banana_Lady_Finger/r_120_100.jpg,100,100,banana,0,0,100,100
./data/imgs/Banana_Lady_Finger/r2_115_100.jpg,100,100,banana,0,0,100,100
./data/imgs/Banana_Lady_Finger/r2_167_100.jpg,100,100,banana,0,0,100,100
./data/imgs/Banana_Lady_Finger/r2_78_100.jpg,100,100,banana,0,0,100,100
./data/imgs/Banana_Lady_Finger/133_100.jpg,100,100,banana,0,0,100,100
./data/imgs/Banana_Lady_Finger/r2_68_100.jpg,100,100,banana,0,0,100,100
./data/imgs/Banana_Lady_Finger/68_100.jpg,100,100,banana,0,0,100,100
./data/imgs/Banana_Lady_Finger/78_100.jpg,100,100,banana,0,0,100,100
./data/imgs/Banana_Lady_Finger/9_100.jpg,100,100,banana,0,0,100,100
./data/imgs/Banana_Lady_Finger/r2_25_100.jpg,100,100,banana,0,0,100,100
./data/imgs/Banana_Lady_Finger/r2_5_100.jpg,100,100,banana,0,0,100,100
./data/imgs/Banana_Lady_Finger/r_27_100.jpg,100,100,banana,0,0,100,100
./data/imgs/Banana_Lady_Finger/25_100.jpg,100,100,banana,0,0,100,100
./data/imgs/Banana_Lady_Finger/57_100.jpg,100,100,banana,0,0,100,100
./data/imgs/Banana_Lady_Finger/r_55_100.jpg,100,100,banana,0,0,100,100
./data/imgs/Banana_Lady_Finger/r2_61_100.jpg,100,100,banana,0,0,100,100
./data/imgs/Banana_Lady_Finger/r2_71_100.jpg,100,100,banana,0,0,100,100
./data/imgs/Banana_Lady_Finger/r_73_100.jpg,100,100,banana,0,0,100,100
./data/imgs/Banana_Lady_Finger/r_63_100.jpg,100,100,banana,0,0,100,100
./data/imgs/Banana_Lady_Finger/71_100.jpg,100,100,banana,0,0,100,100
./data/imgs/Banana_Lady_Finger/0_100.jpg,100,100,banana,0,0,100,100
./data/imgs/Banana_Lady_Finger/61_100.jpg,100,100,banana,0,0,100,100
./data/imgs/Banana_Lady_Finger/193_100.jpg,100,100,banana,0,0,100,100
./data/imgs/Banana_Lady_Finger/r_190_100.jpg,100,100,banana,0,0,100,100
./data/imgs/Banana_Lady_Finger/13_100.jpg,100,100,banana,0,0,100,100
./data/imgs/Banana_Lady_Finger/r_11_100.jpg,100,100,banana,0,0,100,100
./data/imgs/Banana_Lady_Finger/r_164_100.jpg,100,100,banana,0,0,100,100
./data/imgs/Banana_Lady_Finger/105_100.jpg,100,100,banana,0,0,100,100
./data/imgs/Banana_Lady_Finger/r2_123_100.jpg,100,100,banana,0,0,100,100
./data/imgs/Banana_Lady_Finger/r2_133_100.jpg,100,100,banana,0,0,100,100
./data/imgs/Banana_Lady_Finger/r_116_100.jpg,100,100,banana,0,0,100,100
./data/imgs/Banana_Lady_Finger/95_100.jpg,100,100,banana,0,0,100,100
./data/imgs/Banana_Lady_Finger/r_87_100.jpg,100,100,banana,0,0,100,100
./data/imgs/Banana_Lady_Finger/r2_85_100.jpg,100,100,banana,0,0,100,100
./data/imgs/Banana_Lady_Finger/r_171_100.jpg,100,100,banana,0,0,100,100
./data/imgs/Banana_Lady_Finger/r_161_100.jpg,100,100,banana,0,0,100,100
./data/imgs/Banana_Lady_Finger/110_100.jpg,100,100,banana,0,0,100,100
./data/imgs/Banana_Lady_Finger/r2_9_100.jpg,100,100,banana,0,0,100,100
./data/imgs/Banana_Lady_Finger/80_100.jpg,100,100,banana,0,0,100,100
./data/imgs/Banana_Lady_Finger/90_100.jpg,100,100,banana,0,0,100,100
./data/imgs/Banana_Lady_Finger/r_113_100.jpg,100,100,banana,0,0,100,100
./data/imgs/Banana_Lady_Finger/r2_29_100.jpg,100,100,banana,0,0,100,100
./data/imgs/Banana_Lady_Finger/r2_39_100.jpg,100,100,banana,0,0,100,100
./data/imgs/Banana_Lady_Finger/r_103_100.jpg,100,100,banana,0,0,100,100
./data/imgs/Banana_Lady_Finger/172_100.jpg,100,100,banana,0,0,100,100
./data/imgs/Banana_Lady_Finger/r2_80_100.jpg,100,100,banana,0,0,100,100
./data/imgs/Banana_Lady_Finger/r_82_100.jpg,100,100,banana,0,0,100,100
./data/imgs/Banana_Lady_Finger/29_100.jpg,100,100,banana,0,0,100,100
./data/imgs/Banana_Lady_Finger/r_92_100.jpg,100,100,banana,0,0,100,100
./data/imgs/Banana_Lady_Finger/r_66_100.jpg,100,100,banana,0,0,100,100
./data/imgs/Banana_Lady_Finger/r_76_100.jpg,100,100,banana,0,0,100,100
./data/imgs/Banana_Lady_Finger/r2_74_100.jpg,100,100,banana,0,0,100,100
./data/imgs/Banana_Lady_Finger/r2_64_100.jpg,100,100,banana,0,0,100,100
./data/imgs/Banana_Lady_Finger/196_100.jpg,100,100,banana,0,0,100,100
./data/imgs/Banana_Lady_Finger/64_100.jpg,100,100,banana,0,0,100,100
./data/imgs/Banana_Lady_Finger/74_100.jpg,100,100,banana,0,0,100,100
./data/imgs/Banana_Lady_Finger/5_100.jpg,100,100,banana,0,0,100,100
./data/imgs/Banana_Lady_Finger/16_100.jpg,100,100,banana,0,0,100,100
./data/imgs/Banana_Lady_Finger/r_195_100.jpg,100,100,banana,0,0,100,100
./data/imgs/Banana_Lady_Finger/r2_16_100.jpg,100,100,banana,0,0,100,100
./data/imgs/Banana_Lady_Finger/r_14_100.jpg,100,100,banana,0,0,100,100
./data/imgs/Banana_Lady_Finger/r2_0_100.jpg,100,100,banana,0,0,100,100
./data/imgs/Banana_Lady_Finger/99_100.jpg,100,100,banana,0,0,100,100
./data/imgs/Banana_Lady_Finger/r_22_100.jpg,100,100,banana,0,0,100,100
./data/imgs/Banana_Lady_Finger/89_100.jpg,100,100,banana,0,0,100,100
./data/imgs/Banana_Lady_Finger/r2_30_100.jpg,100,100,banana,0,0,100,100
./data/imgs/Banana_Lady_Finger/r2_20_100.jpg,100,100,banana,0,0,100,100
./data/imgs/Banana_Lady_Finger/20_100.jpg,100,100,banana,0,0,100,100
./data/imgs/Banana_Lady_Finger/30_100.jpg,100,100,banana,0,0,100,100
./data/imgs/Banana_Lady_Finger/r_168_100.jpg,100,100,banana,0,0,100,100
./data/imgs/Banana_Lady_Finger/r2_52_100.jpg,100,100,banana,0,0,100,100
./data/imgs/Banana_Lady_Finger/119_100.jpg,100,100,banana,0,0,100,100
./data/imgs/Banana_Lady_Finger/r2_42_100.jpg,100,100,banana,0,0,100,100
./data/imgs/Banana_Lady_Finger/r_40_100.jpg,100,100,banana,0,0,100,100
./data/imgs/Banana_Lady_Finger/r_50_100.jpg,100,100,banana,0,0,100,100
./data/imgs/Banana_Lady_Finger/r2_110_100.jpg,100,100,banana,0,0,100,100
./data/imgs/Banana_Lady_Finger/r_125_100.jpg,100,100,banana,0,0,100,100
./data/imgs/Banana_Lady_Finger/r2_100_100.jpg,100,100,banana,0,0,100,100
./data/imgs/Banana_Lady_Finger/r2_172_100.jpg,100,100,banana,0,0,100,100
./data/imgs/Banana_Lady_Finger/r2_162_100.jpg,100,100,banana,0,0,100,100
./data/imgs/Banana_Lady_Finger/r2_187_100.jpg,100,100,banana,0,0,100,100
./data/imgs/Banana_Lady_Finger/r2_98_100.jpg,100,100,banana,0,0,100,100
./data/imgs/Banana_Lady_Finger/31_100.jpg,100,100,banana,0,0,100,100
./data/imgs/Banana_Lady_Finger/21_100.jpg,100,100,banana,0,0,100,100
./data/imgs/Banana_Lady_Finger/88_100.jpg,100,100,banana,0,0,100,100
./data/imgs/Banana_Lady_Finger/r2_21_100.jpg,100,100,banana,0,0,100,100
./data/imgs/Banana_Lady_Finger/r2_31_100.jpg,100,100,banana,0,0,100,100
./data/imgs/Banana_Lady_Finger/108_100.jpg,100,100,banana,0,0,100,100
./data/imgs/Banana_Lady_Finger/r_179_100.jpg,100,100,banana,0,0,100,100
./data/imgs/Banana_Lady_Finger/118_100.jpg,100,100,banana,0,0,100,100
./data/imgs/Banana_Lady_Finger/r_169_100.jpg,100,100,banana,0,0,100,100
./data/imgs/Banana_Lady_Finger/r2_53_100.jpg,100,100,banana,0,0,100,100
./data/imgs/Banana_Lady_Finger/r_41_100.jpg,100,100,banana,0,0,100,100
./data/imgs/Banana_Lady_Finger/r2_163_100.jpg,100,100,banana,0,0,100,100
./data/imgs/Banana_Lady_Finger/r2_173_100.jpg,100,100,banana,0,0,100,100
./data/imgs/Banana_Lady_Finger/111_100.jpg,100,100,banana,0,0,100,100
./data/imgs/Banana_Lady_Finger/r_160_100.jpg,100,100,banana,0,0,100,100
./data/imgs/Banana_Lady_Finger/101_100.jpg,100,100,banana,0,0,100,100
./data/imgs/Banana_Lady_Finger/r2_155_100.jpg,100,100,banana,0,0,100,100
./data/imgs/Banana_Lady_Finger/r_170_100.jpg,100,100,banana,0,0,100,100
./data/imgs/Banana_Lady_Finger/r_58_100.jpg,100,100,banana,0,0,100,100
./data/imgs/Banana_Lady_Finger/r2_81_100.jpg,100,100,banana,0,0,100,100
./data/imgs/Banana_Lady_Finger/28_100.jpg,100,100,banana,0,0,100,100
./data/imgs/Banana_Lady_Finger/r_83_100.jpg,100,100,banana,0,0,100,100
./data/imgs/Banana_Lady_Finger/91_100.jpg,100,100,banana,0,0,100,100
./data/imgs/Banana_Lady_Finger/81_100.jpg,100,100,banana,0,0,100,100
./data/imgs/Banana_Lady_Finger/r2_8_100.jpg,100,100,banana,0,0,100,100
./data/imgs/Banana_Lady_Finger/r2_127_100.jpg,100,100,banana,0,0,100,100
./data/imgs/Banana_Lady_Finger/r_102_100.jpg,100,100,banana,0,0,100,100
./data/imgs/Banana_Lady_Finger/163_100.jpg,100,100,banana,0,0,100,100
./data/imgs/Banana_Lady_Finger/r2_137_100.jpg,100,100,banana,0,0,100,100
./data/imgs/Banana_Lady_Finger/197_100.jpg,100,100,banana,0,0,100,100
./data/imgs/Banana_Lady_Finger/187_100.jpg,100,100,banana,0,0,100,100
./data/imgs/Banana_Lady_Finger/4_100.jpg,100,100,banana,0,0,100,100
./data/imgs/Banana_Lady_Finger/65_100.jpg,100,100,banana,0,0,100,100
./data/imgs/Banana_Lady_Finger/r2_75_100.jpg,100,100,banana,0,0,100,100
./data/imgs/Banana_Lady_Finger/r2_118_100.jpg,100,100,banana,0,0,100,100
./data/imgs/Banana_Lady_Finger/r2_108_100.jpg,100,100,banana,0,0,100,100
./data/imgs/Banana_Lady_Finger/r_15_100.jpg,100,100,banana,0,0,100,100
./data/imgs/Banana_Lady_Finger/r_184_100.jpg,100,100,banana,0,0,100,100
./data/imgs/Banana_Lady_Finger/r_53_100.jpg,100,100,banana,0,0,100,100
./data/imgs/Banana_Lady_Finger/r2_51_100.jpg,100,100,banana,0,0,100,100
./data/imgs/Banana_Lady_Finger/r2_41_100.jpg,100,100,banana,0,0,100,100
./data/imgs/Banana_Lady_Finger/r_98_100.jpg,100,100,banana,0,0,100,100
./data/imgs/Banana_Lady_Finger/23_100.jpg,100,100,banana,0,0,100,100
./data/imgs/Banana_Lady_Finger/r_88_100.jpg,100,100,banana,0,0,100,100
./data/imgs/Banana_Lady_Finger/r2_185_100.jpg,100,100,banana,0,0,100,100
./data/imgs/Banana_Lady_Finger/178_100.jpg,100,100,banana,0,0,100,100
./data/imgs/Banana_Lady_Finger/r_109_100.jpg,100,100,banana,0,0,100,100
./data/imgs/Banana_Lady_Finger/r_119_100.jpg,100,100,banana,0,0,100,100
./data/imgs/Banana_Lady_Finger/r2_3_100.jpg,100,100,banana,0,0,100,100
./data/imgs/Banana_Lady_Finger/r_21_100.jpg,100,100,banana,0,0,100,100
./data/imgs/Banana_Lady_Finger/r_31_100.jpg,100,100,banana,0,0,100,100
./data/imgs/Banana_Lady_Finger/125_100.jpg,100,100,banana,0,0,100,100
./data/imgs/Banana_Lady_Finger/r2_171_100.jpg,100,100,banana,0,0,100,100
./data/imgs/Banana_Lady_Finger/r2_161_100.jpg,100,100,banana,0,0,100,100
./data/imgs/Banana_Lady_Finger/r_7_100.jpg,100,100,banana,0,0,100,100
./data/imgs/Banana_Lady_Finger/r2_113_100.jpg,100,100,banana,0,0,100,100
./data/imgs/Banana_Lady_Finger/r2_103_100.jpg,100,100,banana,0,0,100,100
./data/imgs/Banana_Lady_Finger/r_126_100.jpg,100,100,banana,0,0,100,100
./data/imgs/Banana_Lady_Finger/r_81_100.jpg,100,100,banana,0,0,100,100
./data/imgs/Banana_Lady_Finger/r2_83_100.jpg,100,100,banana,0,0,100,100
./data/imgs/Banana_Lady_Finger/r_110_100.jpg,100,100,banana,0,0,100,100
./data/imgs/Banana_Lady_Finger/r_100_100.jpg,100,100,banana,0,0,100,100
./data/imgs/Banana_Lady_Finger/r2_125_100.jpg,100,100,banana,0,0,100,100
./data/imgs/Banana_Lady_Finger/r_38_100.jpg,100,100,banana,0,0,100,100
./data/imgs/Banana_Lady_Finger/83_100.jpg,100,100,banana,0,0,100,100
./data/imgs/Banana_Lady_Finger/r_172_100.jpg,100,100,banana,0,0,100,100
./data/imgs/Banana_Lady_Finger/r2_157_100.jpg,100,100,banana,0,0,100,100
./data/imgs/Banana_Lady_Finger/113_100.jpg,100,100,banana,0,0,100,100
./data/imgs/Banana_Lady_Finger/r_162_100.jpg,100,100,banana,0,0,100,100
./data/imgs/Banana_Lady_Finger/58_100.jpg,100,100,banana,0,0,100,100
./data/imgs/Banana_Lady_Finger/r_17_100.jpg,100,100,banana,0,0,100,100
./data/imgs/Banana_Lady_Finger/r2_15_100.jpg,100,100,banana,0,0,100,100
./data/imgs/Banana_Lady_Finger/r_196_100.jpg,100,100,banana,0,0,100,100
./data/imgs/Banana_Lady_Finger/r_186_100.jpg,100,100,banana,0,0,100,100
./data/imgs/Banana_Lady_Finger/15_100.jpg,100,100,banana,0,0,100,100
./data/imgs/Banana_Lady_Finger/77_100.jpg,100,100,banana,0,0,100,100
./data/imgs/Banana_Lady_Finger/6_100.jpg,100,100,banana,0,0,100,100
./data/imgs/Banana_Lady_Finger/185_100.jpg,100,100,banana,0,0,100,100
./data/imgs/Banana_Lady_Finger/r2_168_100.jpg,100,100,banana,0,0,100,100
./data/imgs/Banana_Lady_Finger/r2_77_100.jpg,100,100,banana,0,0,100,100
./data/imgs/Banana_Lady_Finger/r2_67_100.jpg,100,100,banana,0,0,100,100
./data/imgs/Banana_Lady_Finger/r_75_100.jpg,100,100,banana,0,0,100,100
./data/imgs/Banana_Lady_Finger/r_101_100.jpg,100,100,banana,0,0,100,100
./data/imgs/Banana_Lady_Finger/r2_134_100.jpg,100,100,banana,0,0,100,100
./data/imgs/Banana_Lady_Finger/160_100.jpg,100,100,banana,0,0,100,100
./data/imgs/Banana_Lady_Finger/92_100.jpg,100,100,banana,0,0,100,100
./data/imgs/Banana_Lady_Finger/82_100.jpg,100,100,banana,0,0,100,100
./data/imgs/Banana_Lady_Finger/r_90_100.jpg,100,100,banana,0,0,100,100
./data/imgs/Banana_Lady_Finger/r_80_100.jpg,100,100,banana,0,0,100,100
./data/imgs/Banana_Lady_Finger/59_100.jpg,100,100,banana,0,0,100,100
./data/imgs/Banana_Lady_Finger/r2_59_100.jpg,100,100,banana,0,0,100,100
./data/imgs/Banana_Lady_Finger/r_163_100.jpg,100,100,banana,0,0,100,100
./data/imgs/Banana_Lady_Finger/112_100.jpg,100,100,banana,0,0,100,100
./data/imgs/Banana_Lady_Finger/r2_156_100.jpg,100,100,banana,0,0,100,100
./data/imgs/Banana_Lady_Finger/102_100.jpg,100,100,banana,0,0,100,100
./data/imgs/Banana_Lady_Finger/r_197_100.jpg,100,100,banana,0,0,100,100
./data/imgs/Banana_Lady_Finger/14_100.jpg,100,100,banana,0,0,100,100
./data/imgs/Banana_Lady_Finger/r2_14_100.jpg,100,100,banana,0,0,100,100
./data/imgs/Banana_Lady_Finger/r2_66_100.jpg,100,100,banana,0,0,100,100
./data/imgs/Banana_Lady_Finger/r2_179_100.jpg,100,100,banana,0,0,100,100
./data/imgs/Banana_Lady_Finger/r2_169_100.jpg,100,100,banana,0,0,100,100
./data/imgs/Banana_Lady_Finger/r_74_100.jpg,100,100,banana,0,0,100,100
./data/imgs/Banana_Lady_Finger/76_100.jpg,100,100,banana,0,0,100,100
./data/imgs/Banana_Lady_Finger/66_100.jpg,100,100,banana,0,0,100,100
./data/imgs/Banana_Lady_Finger/194_100.jpg,100,100,banana,0,0,100,100
./data/imgs/Banana_Lady_Finger/184_100.jpg,100,100,banana,0,0,100,100
./data/imgs/Banana_Lady_Finger/r2_40_100.jpg,100,100,banana,0,0,100,100
./data/imgs/Banana_Lady_Finger/r2_22_100.jpg,100,100,banana,0,0,100,100
./data/imgs/Banana_Lady_Finger/r_108_100.jpg,100,100,banana,0,0,100,100
./data/imgs/Banana_Lady_Finger/179_100.jpg,100,100,banana,0,0,100,100
./data/imgs/Banana_Lady_Finger/r_30_100.jpg,100,100,banana,0,0,100,100
./data/imgs/Banana_Lady_Finger/32_100.jpg,100,100,banana,0,0,100,100
./data/imgs/Banana_Lady_Finger/22_100.jpg,100,100,banana,0,0,100,100
./data/imgs/Banana_Lady_Finger/r_99_100.jpg,100,100,banana,0,0,100,100
./data/imgs/Banana_Lady_Finger/r2_160_100.jpg,100,100,banana,0,0,100,100
./data/imgs/Banana_Lady_Finger/r2_170_100.jpg,100,100,banana,0,0,100,100
./data/imgs/Banana_Lady_Finger/124_100.jpg,100,100,banana,0,0,100,100
./data/imgs/Banana_Lady_Finger/r_127_100.jpg,100,100,banana,0,0,100,100
./data/imgs/Banana_Lady_Finger/r2_112_100.jpg,100,100,banana,0,0,100,100
./data/imgs/Banana_Red/r_236_100.jpg,100,100,banana,0,0,100,100
./data/imgs/Banana_Red/r_78_100.jpg,100,100,banana,0,0,100,100
./data/imgs/Banana_Red/r_68_100.jpg,100,100,banana,0,0,100,100
./data/imgs/Banana_Red/131_100.jpg,100,100,banana,0,0,100,100
./data/imgs/Banana_Red/18_100.jpg,100,100,banana,0,0,100,100
./data/imgs/Banana_Red/143_100.jpg,100,100,banana,0,0,100,100
./data/imgs/Banana_Red/r_254_100.jpg,100,100,banana,0,0,100,100
./data/imgs/Banana_Red/225_100.jpg,100,100,banana,0,0,100,100
./data/imgs/Banana_Red/r_244_100.jpg,100,100,banana,0,0,100,100
./data/imgs/Banana_Red/45_100.jpg,100,100,banana,0,0,100,100
./data/imgs/Banana_Red/300_100.jpg,100,100,banana,0,0,100,100
./data/imgs/Banana_Red/r_209_100.jpg,100,100,banana,0,0,100,100
./data/imgs/Banana_Red/278_100.jpg,100,100,banana,0,0,100,100
./data/imgs/Banana_Red/268_100.jpg,100,100,banana,0,0,100,100
./data/imgs/Banana_Red/r_47_100.jpg,100,100,banana,0,0,100,100
./data/imgs/Banana_Red/r_57_100.jpg,100,100,banana,0,0,100,100
./data/imgs/Banana_Red/r_25_100.jpg,100,100,banana,0,0,100,100
./data/imgs/Banana_Red/r_35_100.jpg,100,100,banana,0,0,100,100
./data/imgs/Banana_Red/r_303_100.jpg,100,100,banana,0,0,100,100
./data/imgs/Banana_Red/27_100.jpg,100,100,banana,0,0,100,100
./data/imgs/Banana_Red/37_100.jpg,100,100,banana,0,0,100,100
./data/imgs/Banana_Red/11_100.jpg,100,100,banana,0,0,100,100
./data/imgs/Banana_Red/285_100.jpg,100,100,banana,0,0,100,100
./data/imgs/Banana_Red/295_100.jpg,100,100,banana,0,0,100,100
./data/imgs/Banana_Red/r_192_100.jpg,100,100,banana,0,0,100,100
./data/imgs/Banana_Red/r_182_100.jpg,100,100,banana,0,0,100,100
./data/imgs/Banana_Red/r_13_100.jpg,100,100,banana,0,0,100,100
./data/imgs/Banana_Red/326_100.jpg,100,100,banana,0,0,100,100
./data/imgs/Banana_Red/r_61_100.jpg,100,100,banana,0,0,100,100
./data/imgs/Banana_Red/r_71_100.jpg,100,100,banana,0,0,100,100
./data/imgs/Banana_Red/138_100.jpg,100,100,banana,0,0,100,100
./data/imgs/Banana_Red/191_100.jpg,100,100,banana,0,0,100,100
./data/imgs/Banana_Red/r_296_100.jpg,100,100,banana,0,0,100,100
./data/imgs/Banana_Red/63_100.jpg,100,100,banana,0,0,100,100
./data/imgs/Banana_Red/r_262_100.jpg,100,100,banana,0,0,100,100
./data/imgs/Banana_Red/213_100.jpg,100,100,banana,0,0,100,100
./data/imgs/Banana_Red/r_85_100.jpg,100,100,banana,0,0,100,100
./data/imgs/Banana_Red/r_95_100.jpg,100,100,banana,0,0,100,100
./data/imgs/Banana_Red/r_176_100.jpg,100,100,banana,0,0,100,100
./data/imgs/Banana_Red/r_166_100.jpg,100,100,banana,0,0,100,100
./data/imgs/Banana_Red/r_210_100.jpg,100,100,banana,0,0,100,100
./data/imgs/Banana_Red/r_200_100.jpg,100,100,banana,0,0,100,100
./data/imgs/Banana_Red/271_100.jpg,100,100,banana,0,0,100,100
./data/imgs/Banana_Red/r_324_100.jpg,100,100,banana,0,0,100,100
./data/imgs/Banana_Red/r_12_100.jpg,100,100,banana,0,0,100,100
./data/imgs/Banana_Red/294_100.jpg,100,100,banana,0,0,100,100
./data/imgs/Banana_Red/284_100.jpg,100,100,banana,0,0,100,100
./data/imgs/Banana_Red/10_100.jpg,100,100,banana,0,0,100,100
./data/imgs/Banana_Red/r_287_100.jpg,100,100,banana,0,0,100,100
./data/imgs/Banana_Red/r_297_100.jpg,100,100,banana,0,0,100,100
./data/imgs/Banana_Red/r_70_100.jpg,100,100,banana,0,0,100,100
./data/imgs/Banana_Red/327_100.jpg,100,100,banana,0,0,100,100
./data/imgs/Banana_Red/139_100.jpg,100,100,banana,0,0,100,100
./data/imgs/Banana_Red/r_84_100.jpg,100,100,banana,0,0,100,100
./data/imgs/Banana_Red/r_263_100.jpg,100,100,banana,0,0,100,100
./data/imgs/Banana_Red/202_100.jpg,100,100,banana,0,0,100,100
./data/imgs/Banana_Red/r_201_100.jpg,100,100,banana,0,0,100,100
./data/imgs/Banana_Red/r_211_100.jpg,100,100,banana,0,0,100,100
./data/imgs/Banana_Red/318_100.jpg,100,100,banana,0,0,100,100
./data/imgs/Banana_Red/189_100.jpg,100,100,banana,0,0,100,100
./data/imgs/Banana_Red/199_100.jpg,100,100,banana,0,0,100,100
./data/imgs/Banana_Red/r_69_100.jpg,100,100,banana,0,0,100,100
./data/imgs/Banana_Red/256_100.jpg,100,100,banana,0,0,100,100
./data/imgs/Banana_Red/r_237_100.jpg,100,100,banana,0,0,100,100
./data/imgs/Banana_Red/120_100.jpg,100,100,banana,0,0,100,100
./data/imgs/Banana_Red/r_2_100.jpg,100,100,banana,0,0,100,100
./data/imgs/Banana_Red/142_100.jpg,100,100,banana,0,0,100,100
./data/imgs/Banana_Red/r_245_100.jpg,100,100,banana,0,0,100,100
./data/imgs/Banana_Red/224_100.jpg,100,100,banana,0,0,100,100
./data/imgs/Banana_Red/r_255_100.jpg,100,100,banana,0,0,100,100
./data/imgs/Banana_Red/19_100.jpg,100,100,banana,0,0,100,100
./data/imgs/Banana_Red/r_56_100.jpg,100,100,banana,0,0,100,100
./data/imgs/Banana_Red/r_46_100.jpg,100,100,banana,0,0,100,100
./data/imgs/Banana_Red/269_100.jpg,100,100,banana,0,0,100,100
./data/imgs/Banana_Red/r_218_100.jpg,100,100,banana,0,0,100,100
./data/imgs/Banana_Red/279_100.jpg,100,100,banana,0,0,100,100
./data/imgs/Banana_Red/301_100.jpg,100,100,banana,0,0,100,100
./data/imgs/Banana_Red/54_100.jpg,100,100,banana,0,0,100,100
./data/imgs/Banana_Red/36_100.jpg,100,100,banana,0,0,100,100
./data/imgs/Banana_Red/26_100.jpg,100,100,banana,0,0,100,100
./data/imgs/Banana_Red/r_312_100.jpg,100,100,banana,0,0,100,100
./data/imgs/Banana_Red/r_34_100.jpg,100,100,banana,0,0,100,100
./data/imgs/Banana_Red/r_24_100.jpg,100,100,banana,0,0,100,100
./data/imgs/Banana_Red/r_285_100.jpg,100,100,banana,0,0,100,100
./data/imgs/Banana_Red/60_100.jpg,100,100,banana,0,0,100,100
./data/imgs/Banana_Red/192_100.jpg,100,100,banana,0,0,100,100
./data/imgs/Banana_Red/r_62_100.jpg,100,100,banana,0,0,100,100
./data/imgs/Banana_Red/r_72_100.jpg,100,100,banana,0,0,100,100
./data/imgs/Banana_Red/149_100.jpg,100,100,banana,0,0,100,100
./data/imgs/Banana_Red/r_9_100.jpg,100,100,banana,0,0,100,100
./data/imgs/Banana_Red/r_191_100.jpg,100,100,banana,0,0,100,100
./data/imgs/Banana_Red/12_100.jpg,100,100,banana,0,0,100,100
./data/imgs/Banana_Red/286_100.jpg,100,100,banana,0,0,100,100
./data/imgs/Banana_Red/296_100.jpg,100,100,banana,0,0,100,100
./data/imgs/Banana_Red/r_203_100.jpg,100,100,banana,0,0,100,100
./data/imgs/Banana_Red/104_100.jpg,100,100,banana,0,0,100,100
./data/imgs/Banana_Red/114_100.jpg,100,100,banana,0,0,100,100
./data/imgs/Banana_Red/r_271_100.jpg,100,100,banana,0,0,100,100
./data/imgs/Banana_Red/r_319_100.jpg,100,100,banana,0,0,100,100
./data/imgs/Banana_Red/226_100.jpg,100,100,banana,0,0,100,100
./data/imgs/Banana_Red/150_100.jpg,100,100,banana,0,0,100,100
./data/imgs/Banana_Red/r_0_100.jpg,100,100,banana,0,0,100,100
./data/imgs/Banana_Red/79_100.jpg,100,100,banana,0,0,100,100
./data/imgs/Banana_Red/69_100.jpg,100,100,banana,0,0,100,100
./data/imgs/Banana_Red/132_100.jpg,100,100,banana,0,0,100,100
./data/imgs/Banana_Red/r_235_100.jpg,100,100,banana,0,0,100,100
./data/imgs/Banana_Red/254_100.jpg,100,100,banana,0,0,100,100
./data/imgs/Banana_Red/r_225_100.jpg,100,100,banana,0,0,100,100
./data/imgs/Banana_Red/34_100.jpg,100,100,banana,0,0,100,100
./data/imgs/Banana_Red/r_36_100.jpg,100,100,banana,0,0,100,100
./data/imgs/Banana_Red/r_268_100.jpg,100,100,banana,0,0,100,100
./data/imgs/Banana_Red/r_300_100.jpg,100,100,banana,0,0,100,100
./data/imgs/Banana_Red/209_100.jpg,100,100,banana,0,0,100,100
./data/imgs/Banana_Red/r_278_100.jpg,100,100,banana,0,0,100,100
./data/imgs/Banana_Red/303_100.jpg,100,100,banana,0,0,100,100
./data/imgs/Banana_Red/r_44_100.jpg,100,100,banana,0,0,100,100
./data/imgs/Banana_Red/r_199_100.jpg,100,100,banana,0,0,100,100
./data/imgs/Banana_Red/r_189_100.jpg,100,100,banana,0,0,100,100
./data/imgs/Banana_Red/r_246_100.jpg,100,100,banana,0,0,100,100
./data/imgs/Banana_Red/r_256_100.jpg,100,100,banana,0,0,100,100
./data/imgs/Banana_Red/r_18_100.jpg,100,100,banana,0,0,100,100
./data/imgs/Banana_Red/151_100.jpg,100,100,banana,0,0,100,100
./data/imgs/Banana_Red/141_100.jpg,100,100,banana,0,0,100,100
./data/imgs/Banana_Red/133_100.jpg,100,100,banana,0,0,100,100
./data/imgs/Banana_Red/255_100.jpg,100,100,banana,0,0,100,100
./data/imgs/Banana_Red/78_100.jpg,100,100,banana,0,0,100,100
./data/imgs/Banana_Red/r_279_100.jpg,100,100,banana,0,0,100,100
./data/imgs/Banana_Red/r_301_100.jpg,100,100,banana,0,0,100,100
./data/imgs/Banana_Red/r_269_100.jpg,100,100,banana,0,0,100,100
./data/imgs/Banana_Red/218_100.jpg,100,100,banana,0,0,100,100
./data/imgs/Banana_Red/r_311_100.jpg,100,100,banana,0,0,100,100
./data/imgs/Banana_Red/r_37_100.jpg,100,100,banana,0,0,100,100
./data/imgs/Banana_Red/r_27_100.jpg,100,100,banana,0,0,100,100
./data/imgs/Banana_Red/35_100.jpg,100,100,banana,0,0,100,100
./data/imgs/Banana_Red/57_100.jpg,100,100,banana,0,0,100,100
./data/imgs/Banana_Red/47_100.jpg,100,100,banana,0,0,100,100
./data/imgs/Banana_Red/r_55_100.jpg,100,100,banana,0,0,100,100
./data/imgs/Banana_Red/302_100.jpg,100,100,banana,0,0,100,100
./data/imgs/Banana_Red/r_73_100.jpg,100,100,banana,0,0,100,100
./data/imgs/Banana_Red/r_63_100.jpg,100,100,banana,0,0,100,100
./data/imgs/Banana_Red/324_100.jpg,100,100,banana,0,0,100,100
./data/imgs/Banana_Red/0_100.jpg,100,100,banana,0,0,100,100
./data/imgs/Banana_Red/61_100.jpg,100,100,banana,0,0,100,100
./data/imgs/Banana_Red/r_294_100.jpg,100,100,banana,0,0,100,100
./data/imgs/Banana_Red/r_190_100.jpg,100,100,banana,0,0,100,100
./data/imgs/Banana_Red/297_100.jpg,100,100,banana,0,0,100,100
./data/imgs/Banana_Red/287_100.jpg,100,100,banana,0,0,100,100
./data/imgs/Banana_Red/13_100.jpg,100,100,banana,0,0,100,100
./data/imgs/Banana_Red/r_11_100.jpg,100,100,banana,0,0,100,100
./data/imgs/Banana_Red/148_100.jpg,100,100,banana,0,0,100,100
./data/imgs/Banana_Red/r_202_100.jpg,100,100,banana,0,0,100,100
./data/imgs/Banana_Red/273_100.jpg,100,100,banana,0,0,100,100
./data/imgs/Banana_Red/r_212_100.jpg,100,100,banana,0,0,100,100
./data/imgs/Banana_Red/263_100.jpg,100,100,banana,0,0,100,100
./data/imgs/Banana_Red/115_100.jpg,100,100,banana,0,0,100,100
./data/imgs/Banana_Red/r_174_100.jpg,100,100,banana,0,0,100,100
./data/imgs/Banana_Red/105_100.jpg,100,100,banana,0,0,100,100
./data/imgs/Banana_Red/r_260_100.jpg,100,100,banana,0,0,100,100
./data/imgs/Banana_Red/r_270_100.jpg,100,100,banana,0,0,100,100
./data/imgs/Banana_Red/201_100.jpg,100,100,banana,0,0,100,100
./data/imgs/Banana_Red/r_97_100.jpg,100,100,banana,0,0,100,100
./data/imgs/Banana_Red/r_87_100.jpg,100,100,banana,0,0,100,100
./data/imgs/Banana_Red/100_100.jpg,100,100,banana,0,0,100,100
./data/imgs/Banana_Red/r_59_100.jpg,100,100,banana,0,0,100,100
./data/imgs/Banana_Red/r_49_100.jpg,100,100,banana,0,0,100,100
./data/imgs/Banana_Red/r_217_100.jpg,100,100,banana,0,0,100,100
./data/imgs/Banana_Red/r_207_100.jpg,100,100,banana,0,0,100,100
./data/imgs/Banana_Red/r_275_100.jpg,100,100,banana,0,0,100,100
./data/imgs/Banana_Red/204_100.jpg,100,100,banana,0,0,100,100
./data/imgs/Banana_Red/214_100.jpg,100,100,banana,0,0,100,100
./data/imgs/Banana_Red/80_100.jpg,100,100,banana,0,0,100,100
./data/imgs/Banana_Red/39_100.jpg,100,100,banana,0,0,100,100
./data/imgs/Banana_Red/r_82_100.jpg,100,100,banana,0,0,100,100
./data/imgs/Banana_Red/29_100.jpg,100,100,banana,0,0,100,100
./data/imgs/Banana_Red/r_92_100.jpg,100,100,banana,0,0,100,100
./data/imgs/Banana_Red/r_66_100.jpg,100,100,banana,0,0,100,100
./data/imgs/Banana_Red/r_76_100.jpg,100,100,banana,0,0,100,100
./data/imgs/Banana_Red/321_100.jpg,100,100,banana,0,0,100,100
./data/imgs/Banana_Red/259_100.jpg,100,100,banana,0,0,100,100
./data/imgs/Banana_Red/r_238_100.jpg,100,100,banana,0,0,100,100
./data/imgs/Banana_Red/249_100.jpg,100,100,banana,0,0,100,100
./data/imgs/Banana_Red/64_100.jpg,100,100,banana,0,0,100,100
./data/imgs/Banana_Red/74_100.jpg,100,100,banana,0,0,100,100
./data/imgs/Banana_Red/282_100.jpg,100,100,banana,0,0,100,100
./data/imgs/Banana_Red/292_100.jpg,100,100,banana,0,0,100,100
./data/imgs/Banana_Red/r_185_100.jpg,100,100,banana,0,0,100,100
./data/imgs/Banana_Red/r_322_100.jpg,100,100,banana,0,0,100,100
./data/imgs/Banana_Red/r_314_100.jpg,100,100,banana,0,0,100,100
./data/imgs/Banana_Red/r_22_100.jpg,100,100,banana,0,0,100,100
./data/imgs/Banana_Red/r_32_100.jpg,100,100,banana,0,0,100,100
./data/imgs/Banana_Red/20_100.jpg,100,100,banana,0,0,100,100
./data/imgs/Banana_Red/30_100.jpg,100,100,banana,0,0,100,100
./data/imgs/Banana_Red/42_100.jpg,100,100,banana,0,0,100,100
./data/imgs/Banana_Red/52_100.jpg,100,100,banana,0,0,100,100
./data/imgs/Banana_Red/r_168_100.jpg,100,100,banana,0,0,100,100
./data/imgs/Banana_Red/119_100.jpg,100,100,banana,0,0,100,100
./data/imgs/Banana_Red/r_178_100.jpg,100,100,banana,0,0,100,100
./data/imgs/Banana_Red/r_40_100.jpg,100,100,banana,0,0,100,100
./data/imgs/Banana_Red/307_100.jpg,100,100,banana,0,0,100,100
./data/imgs/Banana_Red/317_100.jpg,100,100,banana,0,0,100,100
./data/imgs/Banana_Red/r_4_100.jpg,100,100,banana,0,0,100,100
./data/imgs/Banana_Red/144_100.jpg,100,100,banana,0,0,100,100
./data/imgs/Banana_Red/222_100.jpg,100,100,banana,0,0,100,100
./data/imgs/Banana_Red/r_243_100.jpg,100,100,banana,0,0,100,100
./data/imgs/Banana_Red/232_100.jpg,100,100,banana,0,0,100,100
./data/imgs/Banana_Red/r_221_100.jpg,100,100,banana,0,0,100,100
./data/imgs/Banana_Red/126_100.jpg,100,100,banana,0,0,100,100
./data/imgs/Banana_Red/136_100.jpg,100,100,banana,0,0,100,100
./data/imgs/Banana_Red/r_288_100.jpg,100,100,banana,0,0,100,100
./data/imgs/Banana_Red/r_298_100.jpg,100,100,banana,0,0,100,100
./data/imgs/Banana_Red/31_100.jpg,100,100,banana,0,0,100,100
./data/imgs/Banana_Red/21_100.jpg,100,100,banana,0,0,100,100
./data/imgs/Banana_Red/r_33_100.jpg,100,100,banana,0,0,100,100
./data/imgs/Banana_Red/r_23_100.jpg,100,100,banana,0,0,100,100
./data/imgs/Banana_Red/r_305_100.jpg,100,100,banana,0,0,100,100
./data/imgs/Banana_Red/r_315_100.jpg,100,100,banana,0,0,100,100
./data/imgs/Banana_Red/108_100.jpg,100,100,banana,0,0,100,100
./data/imgs/Banana_Red/r_179_100.jpg,100,100,banana,0,0,100,100
./data/imgs/Banana_Red/118_100.jpg,100,100,banana,0,0,100,100
./data/imgs/Banana_Red/r_169_100.jpg,100,100,banana,0,0,100,100
./data/imgs/Banana_Red/316_100.jpg,100,100,banana,0,0,100,100
./data/imgs/Banana_Red/306_100.jpg,100,100,banana,0,0,100,100
./data/imgs/Banana_Red/r_51_100.jpg,100,100,banana,0,0,100,100
./data/imgs/Banana_Red/r_41_100.jpg,100,100,banana,0,0,100,100
./data/imgs/Banana_Red/53_100.jpg,100,100,banana,0,0,100,100
./data/imgs/Banana_Red/43_100.jpg,100,100,banana,0,0,100,100
./data/imgs/Banana_Red/145_100.jpg,100,100,banana,0,0,100,100
./data/imgs/Banana_Red/223_100.jpg,100,100,banana,0,0,100,100
./data/imgs/Banana_Red/r_252_100.jpg,100,100,banana,0,0,100,100
./data/imgs/Banana_Red/r_299_100.jpg,100,100,banana,0,0,100,100
./data/imgs/Banana_Red/r_289_100.jpg,100,100,banana,0,0,100,100
./data/imgs/Banana_Red/r_220_100.jpg,100,100,banana,0,0,100,100
./data/imgs/Banana_Red/137_100.jpg,100,100,banana,0,0,100,100
./data/imgs/Banana_Red/127_100.jpg,100,100,banana,0,0,100,100
./data/imgs/Banana_Red/111_100.jpg,100,100,banana,0,0,100,100
./data/imgs/Banana_Red/101_100.jpg,100,100,banana,0,0,100,100
./data/imgs/Banana_Red/r_206_100.jpg,100,100,banana,0,0,100,100
./data/imgs/Banana_Red/r_216_100.jpg,100,100,banana,0,0,100,100
./data/imgs/Banana_Red/r_48_100.jpg,100,100,banana,0,0,100,100
./data/imgs/Banana_Red/r_93_100.jpg,100,100,banana,0,0,100,100
./data/imgs/Banana_Red/28_100.jpg,100,100,banana,0,0,100,100
./data/imgs/Banana_Red/r_83_100.jpg,100,100,banana,0,0,100,100
./data/imgs/Banana_Red/38_100.jpg,100,100,banana,0,0,100,100
./data/imgs/Banana_Red/215_100.jpg,100,100,banana,0,0,100,100
./data/imgs/Banana_Red/205_100.jpg,100,100,banana,0,0,100,100
./data/imgs/Banana_Red/197_100.jpg,100,100,banana,0,0,100,100
./data/imgs/Banana_Red/r_290_100.jpg,100,100,banana,0,0,100,100
./data/imgs/Banana_Red/4_100.jpg,100,100,banana,0,0,100,100
./data/imgs/Banana_Red/75_100.jpg,100,100,banana,0,0,100,100
./data/imgs/Banana_Red/r_239_100.jpg,100,100,banana,0,0,100,100
./data/imgs/Banana_Red/320_100.jpg,100,100,banana,0,0,100,100
./data/imgs/Banana_Red/r_77_100.jpg,100,100,banana,0,0,100,100
./data/imgs/Banana_Red/r_67_100.jpg,100,100,banana,0,0,100,100
./data/imgs/Banana_Red/r_323_100.jpg,100,100,banana,0,0,100,100
./data/imgs/Banana_Red/17_100.jpg,100,100,banana,0,0,100,100
./data/imgs/Banana_Red/293_100.jpg,100,100,banana,0,0,100,100
./data/imgs/Banana_Red/283_100.jpg,100,100,banana,0,0,100,100
./data/imgs/Banana_Red/r_194_100.jpg,100,100,banana,0,0,100,100
./data/imgs/Banana_Red/r_43_100.jpg,100,100,banana,0,0,100,100
./data/imgs/Banana_Red/r_53_100.jpg,100,100,banana,0,0,100,100
./data/imgs/Banana_Red/23_100.jpg,100,100,banana,0,0,100,100
./data/imgs/Banana_Red/r_88_100.jpg,100,100,banana,0,0,100,100
./data/imgs/Banana_Red/r_317_100.jpg,100,100,banana,0,0,100,100
./data/imgs/Banana_Red/r_307_100.jpg,100,100,banana,0,0,100,100
./data/imgs/Banana_Red/r_31_100.jpg,100,100,banana,0,0,100,100
./data/imgs/Banana_Red/125_100.jpg,100,100,banana,0,0,100,100
./data/imgs/Banana_Red/r_232_100.jpg,100,100,banana,0,0,100,100
./data/imgs/Banana_Red/253_100.jpg,100,100,banana,0,0,100,100
./data/imgs/Banana_Red/r_222_100.jpg,100,100,banana,0,0,100,100
./data/imgs/Banana_Red/221_100.jpg,100,100,banana,0,0,100,100
./data/imgs/Banana_Red/r_250_100.jpg,100,100,banana,0,0,100,100
./data/imgs/Banana_Red/231_100.jpg,100,100,banana,0,0,100,100
./data/imgs/Banana_Red/r_240_100.jpg,100,100,banana,0,0,100,100
./data/imgs/Banana_Red/r_7_100.jpg,100,100,banana,0,0,100,100
./data/imgs/Banana_Red/147_100.jpg,100,100,banana,0,0,100,100
./data/imgs/Banana_Red/r_81_100.jpg,100,100,banana,0,0,100,100
./data/imgs/Banana_Red/r_91_100.jpg,100,100,banana,0,0,100,100
./data/imgs/Banana_Red/207_100.jpg,100,100,banana,0,0,100,100
./data/imgs/Banana_Red/r_276_100.jpg,100,100,banana,0,0,100,100
./data/imgs/Banana_Red/217_100.jpg,100,100,banana,0,0,100,100
./data/imgs/Banana_Red/r_266_100.jpg,100,100,banana,0,0,100,100
./data/imgs/Banana_Red/r_38_100.jpg,100,100,banana,0,0,100,100
./data/imgs/Banana_Red/r_28_100.jpg,100,100,banana,0,0,100,100
./data/imgs/Banana_Red/275_100.jpg,100,100,banana,0,0,100,100
./data/imgs/Banana_Red/r_204_100.jpg,100,100,banana,0,0,100,100
./data/imgs/Banana_Red/103_100.jpg,100,100,banana,0,0,100,100
./data/imgs/Banana_Red/58_100.jpg,100,100,banana,0,0,100,100
./data/imgs/Banana_Red/228_100.jpg,100,100,banana,0,0,100,100
./data/imgs/Banana_Red/r_321_100.jpg,100,100,banana,0,0,100,100
./data/imgs/Banana_Red/r_259_100.jpg,100,100,banana,0,0,100,100
./data/imgs/Banana_Red/r_17_100.jpg,100,100,banana,0,0,100,100
./data/imgs/Banana_Red/r_196_100.jpg,100,100,banana,0,0,100,100
./data/imgs/Banana_Red/r_186_100.jpg,100,100,banana,0,0,100,100
./data/imgs/Banana_Red/281_100.jpg,100,100,banana,0,0,100,100
./data/imgs/Banana_Red/15_100.jpg,100,100,banana,0,0,100,100
./data/imgs/Banana_Red/67_100.jpg,100,100,banana,0,0,100,100
./data/imgs/Banana_Red/6_100.jpg,100,100,banana,0,0,100,100
./data/imgs/Banana_Red/r_292_100.jpg,100,100,banana,0,0,100,100
./data/imgs/Banana_Red/r_282_100.jpg,100,100,banana,0,0,100,100
./data/imgs/Banana_Red/r_65_100.jpg,100,100,banana,0,0,100,100
./data/imgs/Banana_Red/r_75_100.jpg,100,100,banana,0,0,100,100
./data/imgs/Banana_Red/r_39_100.jpg,100,100,banana,0,0,100,100
./data/imgs/Banana_Red/216_100.jpg,100,100,banana,0,0,100,100
./data/imgs/Banana_Red/r_277_100.jpg,100,100,banana,0,0,100,100
./data/imgs/Banana_Red/206_100.jpg,100,100,banana,0,0,100,100
./data/imgs/Banana_Red/r_90_100.jpg,100,100,banana,0,0,100,100
./data/imgs/Banana_Red/r_80_100.jpg,100,100,banana,0,0,100,100
./data/imgs/Banana_Red/49_100.jpg,100,100,banana,0,0,100,100
./data/imgs/Banana_Red/274_100.jpg,100,100,banana,0,0,100,100
./data/imgs/Banana_Red/r_215_100.jpg,100,100,banana,0,0,100,100
./data/imgs/Banana_Red/264_100.jpg,100,100,banana,0,0,100,100
./data/imgs/Banana_Red/102_100.jpg,100,100,banana,0,0,100,100
./data/imgs/Banana_Red/r_187_100.jpg,100,100,banana,0,0,100,100
./data/imgs/Banana_Red/280_100.jpg,100,100,banana,0,0,100,100
./data/imgs/Banana_Red/r_258_100.jpg,100,100,banana,0,0,100,100
./data/imgs/Banana_Red/229_100.jpg,100,100,banana,0,0,100,100
./data/imgs/Banana_Red/r_248_100.jpg,100,100,banana,0,0,100,100
./data/imgs/Banana_Red/323_100.jpg,100,100,banana,0,0,100,100
./data/imgs/Banana_Red/r_74_100.jpg,100,100,banana,0,0,100,100
./data/imgs/Banana_Red/r_283_100.jpg,100,100,banana,0,0,100,100
./data/imgs/Banana_Red/r_293_100.jpg,100,100,banana,0,0,100,100
./data/imgs/Banana_Red/7_100.jpg,100,100,banana,0,0,100,100
./data/imgs/Banana_Red/76_100.jpg,100,100,banana,0,0,100,100
./data/imgs/Banana_Red/194_100.jpg,100,100,banana,0,0,100,100
./data/imgs/Banana_Red/50_100.jpg,100,100,banana,0,0,100,100
./data/imgs/Banana_Red/40_100.jpg,100,100,banana,0,0,100,100
./data/imgs/Banana_Red/r_52_100.jpg,100,100,banana,0,0,100,100
./data/imgs/Banana_Red/r_42_100.jpg,100,100,banana,0,0,100,100
./data/imgs/Banana_Red/r_30_100.jpg,100,100,banana,0,0,100,100
./data/imgs/Banana_Red/r_20_100.jpg,100,100,banana,0,0,100,100
./data/imgs/Banana_Red/r_306_100.jpg,100,100,banana,0,0,100,100
./data/imgs/Banana_Red/r_316_100.jpg,100,100,banana,0,0,100,100
./data/imgs/Banana_Red/32_100.jpg,100,100,banana,0,0,100,100
./data/imgs/Banana_Red/r_89_100.jpg,100,100,banana,0,0,100,100
./data/imgs/Banana_Red/134_100.jpg,100,100,banana,0,0,100,100
./data/imgs/Banana_Red/124_100.jpg,100,100,banana,0,0,100,100
./data/imgs/Banana_Red/252_100.jpg,100,100,banana,0,0,100,100
./data/imgs/Banana_Red/289_100.jpg,100,100,banana,0,0,100,100
./data/imgs/Banana_Red/r_241_100.jpg,100,100,banana,0,0,100,100
./data/imgs/Banana_Red/230_100.jpg,100,100,banana,0,0,100,100
./data/imgs/Banana_Red/r_251_100.jpg,100,100,banana,0,0,100,100
./data/imgs/Banana_Red/220_100.jpg,100,100,banana,0,0,100,100
./data/imgs/Banana_Red/146_100.jpg,100,100,banana,0,0,100,100
./data/imgs/Banana_Red/r_6_100.jpg,100,100,banana,0,0,100,100
